{
	"Friendliness": {
		"Big5": "Extraversion",
		"LowTerm": "Reserved",
		"HighTerm": "Outgoing",
		"LowDescription": "You are a private person and don't let many people in",
		"HighDescription": "You make friends easily and feel comfortable around other people"
	},
	"Gregariousness": {
		"Big5": "Extraversion",
		"LowTerm": "Independent",
		"HighTerm": "Sociable",
		"LowDescription": "You have a strong desire to have time to yourself",
		"HighDescription": "You enjoy being in the company of others"
	},
	"Assertiveness": {
		"Big5": "Extraversion",
		"LowTerm": "Demure",
		"HighTerm": "Assertive",
		"LowDescription": "You prefer to listen than to talk, especially in group situations",
		"HighDescription": "You tend to speak up and take charge of situations, and you are comfortable leading groups"
	},
	"Activity-level": {
		"Big5": "Extraversion",
		"LowTerm": "Laid-back",
		"HighTerm": "Energetic",
		"LowDescription": "You appreciate a relaxed pace in life",
		"HighDescription": "You enjoy a fast-paced, busy schedule with many activities"
	},
	"Excitement-seeking": {
		"Big5": "Extraversion",
		"LowTerm": "Calm-seeking",
		"HighTerm": "Excitement-seeking",
		"LowDescription": "You prefer activities that are quiet, calm, and safe",
		"HighDescription": "You are excited by taking risks and feel bored without lots of action going on"
	},
	"Cheerfulness": {
		"Big5": "Extraversion",
		"LowTerm": "Solemn",
		"HighTerm": "Cheerful",
		"LowDescription": "You are generally serious and do not joke much",
		"HighDescription": "You are a joyful person and share that joy with the world"
	},
	"Trust": {
		"Big5": "Agreeableness",
		"LowTerm": "Cautious of others",
		"HighTerm": "Trusting of others",
		"LowDescription": "You are wary of other people's intentions and do not trust easily",
		"HighDescription": "You believe the best in others and trust people easily"
	},
	"Cooperation": {
		"Big5": "Agreeableness",
		"LowTerm": "Contrary",
		"HighTerm": "Accommodating",
		"LowDescription": "You do not shy away from contradicting others",
		"HighDescription": "You are easy to please and try to avoid confrontation"
	},
	"Altruism": {
		"Big5": "Agreeableness",
		"LowTerm": "Self-focused",
		"HighTerm": "Altruistic",
		"LowDescription": "You are more concerned with taking care of yourself than taking time for others",
		"HighDescription": "You feel fulfilled when helping others, and will go out of your way to do so"
	},
	"Morality": {
		"Big5": "Agreeableness",
		"LowTerm": "Compromising",
		"HighTerm": "Uncompromising",
		"LowDescription": "You are comfortable using every trick in the book to get what you want",
		"HighDescription": "You think it is wrong to take advantage of others to get ahead"
	},
	"Modesty": {
		"Big5": "Agreeableness",
		"LowTerm": "Proud",
		"HighTerm": "Modest",
		"LowDescription": "You hold yourself in high regard, satisfied with who you are",
		"HighDescription": "You are uncomfortable being the center of attention"
	},
	"Sympathy": {
		"Big5": "Agreeableness",
		"LowTerm": "Hardened",
		"HighTerm": "Empathetic",
		"LowDescription": "You think that people should generally rely more on themselves than on other people",
		"HighDescription": "You feel what others feel and are compassionate towards them"
	},
	"Self-efficacy": {
		"Big5": "Conscientiousness",
		"LowTerm": "Self-doubting",
		"HighTerm": "Self-assured",
		"LowDescription": "You frequently doubt your ability to achieve your goals",
		"HighDescription": "You feel you have the ability to succeed in the tasks you set out to do"
	},
	"Orderliness": {
		"Big5": "Conscientiousness",
		"LowTerm": "Unstructured",
		"HighTerm": "Organized",
		"LowDescription": "You do not make a lot of time for organization in your daily life",
		"HighDescription": "You feel a strong need for structure in your life"
	},
	"Dutifulness": {
		"Big5": "Conscientiousness",
		"LowTerm": "Carefree",
		"HighTerm": "Dutiful",
		"LowDescription": "You do what you want, disregarding rules and obligations",
		"HighDescription": "You take rules and obligations seriously, even when they're inconvenient"
	},
	"Achievement-striving": {
		"Big5": "Conscientiousness",
		"LowTerm": "Content",
		"HighTerm": "Driven",
		"LowDescription": "You are content with your level of accomplishment and do not feel the need to set ambitious goals",
		"HighDescription": "You have high goals for yourself and work hard to achieve them"
	},
	"Self-discipline": {
		"Big5": "Conscientiousness",
		"LowTerm": "Intermittent",
		"HighTerm": "Persistent",
		"LowDescription": "You have a hard time sticking with difficult tasks for a long period of time",
		"HighDescription": "You can tackle and stick with tough tasks"
	},
	"Cautiousness": {
		"Big5": "Conscientiousness",
		"LowTerm": "Bold",
		"HighTerm": "Deliberate",
		"LowDescription": "You would rather take action immediately than spend time deliberating making a decision",
		"HighDescription": "You carefully think through decisions before making them"
	},
	"Anxiety": {
		"Big5": "Neuroticism",
		"LowTerm": "Self-assured",
		"HighTerm": "Prone to worry",
		"LowDescription": "You tend to feel calm and self-assured",
		"HighDescription": "You tend to worry about things that might happen"
	},
	"Anger": {
		"Big5": "Neuroticism",
		"LowTerm": "Mild-tempered",
		"HighTerm": "Fiery",
		"LowDescription": "It takes a lot to get you angry",
		"HighDescription": "You have a fiery temper, especially when things do not go your way"
	},
	"Depression": {
		"Big5": "Neuroticism",
		"LowTerm": "Content",
		"HighTerm": "Melancholy",
		"LowDescription": "You are generally comfortable with yourself as you are",
		"HighDescription": "You think quite often about the things you are unhappy about"
	},
	"Self-consciousness": {
		"Big5": "Neuroticism",
		"LowTerm": "Confident",
		"HighTerm": "Self-conscious",
		"LowDescription": "You are hard to embarrass and are self-confident most of the time",
		"HighDescription": "You are sensitive about what others might be thinking about you"
	},
	"Immoderation": {
		"Big5": "Neuroticism",
		"LowTerm": "Self-controlled",
		"HighTerm": "Hedonistic",
		"LowDescription": "You have control over your desires, which are not particularly intense",
		"HighDescription": "You feel your desires strongly and are easily tempted by them"
	},
	"Vulnerability": {
		"Big5": "Neuroticism",
		"LowTerm": "Calm under pressure",
		"HighTerm": "Susceptible to stress",
		"LowDescription": "You handle unexpected events calmly and effectively",
		"HighDescription": "You are easily overwhelmed in stressful situations"
	},
	"Imagination": {
		"Big5": "Openness",
		"LowTerm": "Down-to-earth",
		"HighTerm": "Imaginative",
		"LowDescription": "You prefer facts over fantasy",
		"HighDescription": "You have a wild imagination"
	},
	"Artistic-interests": {
		"Big5": "Openness",
		"LowTerm": "Unconcerned with art",
		"HighTerm": "Appreciative of art",
		"LowDescription": "You are less concerned with artistic or creative activities than most people who participated in our surveys",
		"HighDescription": "You enjoy beauty and seek out creative experiences"
	},
	"Emotionality": {
		"Big5": "Openness",
		"LowTerm": "Dispassionate",
		"HighTerm": "Emotionally aware",
		"LowDescription": "You do not frequently think about or openly express your emotions",
		"HighDescription": "You are aware of your feelings and how to express them"
	},
	"Adventurousness": {
		"Big5": "Openness",
		"LowTerm": "Consistent",
		"HighTerm": "Adventurous",
		"LowDescription": "You enjoy familiar routines and prefer not to deviate from them",
		"HighDescription": "You are eager to experience new things"
	},
	"Intellect": {
		"Big5": "Openness",
		"LowTerm": "Concrete",
		"HighTerm": "Philosophical",
		"LowDescription": "You prefer dealing with the world as it is, rarely considering abstract ideas",
		"HighDescription": "You are open to and intrigued by new ideas and love to explore them"
	},
	"Liberalism": {
		"Big5": "Openness",
		"LowTerm": "Respectful of authority",
		"HighTerm": "Authority-challenging",
		"LowDescription": "You prefer following with tradition in order to maintain a sense of stability",
		"HighDescription": "You prefer to challenge authority and traditional values to help bring about positive changes"
	}
}
